,voltage,sample id,source,batch number,batch date,composition,post processing id,rep,reaction,xrf comp,bulk_id,computational_comp_nearest_xrf,sid,Unnamed: 0,total reps,current density,fe_h2,fe_co,fe_ch4,fe_c2h4,fe_gas_total,fe_liquid,rwp,q_score,matched,H2_pr,CO_pr,CH4_pr,Total_Liquid_pr,C2H4_pr,C_mean_energy,C_wulff_energy,C_boltz_energy,CO_mean_energy,CO_wulff_energy,CO_boltz_energy,CHO_mean_energy,CHO_wulff_energy,CHO_boltz_energy,COCOH_mean_energy,COCOH_wulff_energy,COCOH_boltz_energy,H_mean_energy,H_wulff_energy,H_boltz_energy,OH_mean_energy,OH_wulff_energy,OH_boltz_energy,elements,loco_cv,loo_cv
0,3.3,uoft7_240716_Ag-0.1-Au-0.5-Pd-0.4_pp0_rep1,uoft,7.0,240716.0,Ag-0.1-Au-0.5-Pd-0.4,pp0,1,CO2R,Ag-0.238-Au-0.367-Pd-0.394,mp-1229031,Ag-0.25-Au-0.375-Pd-0.375,,1027.7900789417185,,129.83464902864068,74.54654057993574,13.529274234771067,0.05948483251365298,0.0038520413218904887,88.25284055580754,11.503242167702709,32.0,100.0,True,4.920509965071927e-07,8.93011643122437e-08,9.8158716983053e-11,7.592816149010039e-08,2.542573748262233e-11,-1.441553013049641,-1.3011442700000089,-1.6168566633254426,-1.7893735343971682,-1.673854829999982,-1.8825159312901711,-1.0984305495744677,-1.055497769999988,-2.2711688306893727,-1.3705214020567382,-0.96270844,-2.904106820000038,-0.4581712429077994,-0.4381656699999894,-0.49406174164879724,0.3436518581560297,0.4458009499999775,0.1488127312138277,AgAuPd,0,0
1,3.3,vsp23_241025_Ag-0.2-Ga-0.8_pp0_rep1,vsp,23.0,241025.0,Ag-0.2-Ga-0.8,pp0,1,CO2R,Ag-0.236-Ga-0.764,mp-1184226,Ag-0.25-Ga-0.75,,2070.4464671739042,,88.83832065239378,40.006692306513095,30.804242736664232,0.03853953686745635,0.0,71.26649206447266,28.731923643644024,33.8,74.08,True,1.7759995176314546e-07,1.3674792162813073e-07,4.277171826774532e-11,1.2754836651024053e-07,0.0,0.7120090122500009,0.20455989311123451,0.20455989311123451,-0.104400520000004,0.1758878527443866,0.1758878527443866,0.03058760324999879,0.19944770569485618,0.19944770569485618,0.10614155225000377,0.15123627770433873,0.15123627770433873,0.31829680425000256,0.15160651074928636,0.15160651074928636,-0.10556885550000208,0.18522160410457206,0.18522160410457206,AgGa,1,1
2,3.3,vsp23_241025_Ag-0.25-Ga-0.75_pp0_rep1,vsp,23.0,241025.0,Ag-0.25-Ga-0.75,pp0,1,CO2R,Ag-0.327-Ga-0.673,dcgat-agm003291171,Ag-0.333-Ga-0.667,,2080.5,,107.6211607320408,35.54878453756167,41.439472651960294,0.03269809704827642,0.0,77.03811974251805,22.96099632034397,32.95,76.555,True,1.9596357560646965e-07,2.2843614311325332e-07,4.506227214559994e-11,1.2657307407141576e-07,0.0,0.8120143784848436,0.24073966522475487,0.24073966522475487,-0.06587569242424421,0.22094944206223996,0.22094944206223996,0.09139453727273103,0.20425876020772193,0.20425876020772193,0.15312756151514817,0.1817715626341421,0.1817715626341421,0.3955672284848426,0.19350763428734633,0.19350763428734633,-0.013602567575751633,0.19788623960999413,0.19788623960999413,AgGa,1,2
3,3.3,vsp11_240802_Ag-0.167-Zn-0.833_pp0_rep1,vsp,11.0,240802.0,Ag-0.167-Zn-0.833,pp0,1,CO2R,Ag-0.307-Zn-0.693,oqmd-758527,Ag-0.333-Zn-0.667,,1597.5468600122392,,77.34300061196092,18.434143011010743,59.9584447188658,0.020784419361749323,0.0,78.50804668478744,21.373156118243365,39.4,97.04,True,6.977894950094579e-08,2.269613121528883e-07,1.9668868633921738e-11,8.090402578302254e-08,0.0,0.7771456890123453,0.9961646859590515,-0.1118457120900805,-0.12360191098765552,0.16778406023182918,-0.49941656834820564,-0.0798685372839539,0.2225083291591186,-0.6787686206265588,-0.13277594111110586,0.16062651148426144,-0.6521134316904162,0.17575441814815093,0.3558806997293946,-0.25095923662555414,-0.24630173765432245,-0.16985387753244624,-0.7196508215714391,AgZn,2,3
4,3.3,vsp11_240802_Ag-0.375-Zn-0.625_pp0_rep1,vsp,11.0,240802.0,Ag-0.375-Zn-0.625,pp0,1,CO2R,Ag-0.413-Zn-0.587,dcgat-agm003290582,Ag-0.4-Zn-0.6,,1626.4417110959605,,88.95722260098586,17.41817079303859,64.96817808796555,0.022921786116048257,0.0,82.43281090425921,17.51052967076624,34.7,100.0,True,7.745128065316254e-08,2.8888616688881656e-07,2.5480885889799448e-11,7.786196174273786e-08,0.0,0.8997726696296274,0.6961815800000011,0.09776770056363232,-0.1977695844444485,-0.1867979200000178,-0.6683370131114706,-0.06564953000000304,-0.287745440000009,-0.568326085956838,-0.15840085814814342,-0.2698231899999967,-0.6222521877709863,0.1713727170370397,0.1727384900000004,-0.33212897239971595,-0.219562165185188,-0.4528270300000088,-0.7856984447188478,AgZn,2,4
5,3.3,vsp11_240802_Ag-0.429-Zn-0.571_pp0_rep1,vsp,11.0,240802.0,Ag-0.429-Zn-0.571,pp0,1,CO2R,Ag-0.478-Zn-0.522,dcgat-agm003193172,Ag-0.462-Zn-0.538,,1640.6193094328019,,69.03452835990478,11.91685983981702,72.87421184006348,0.014311138836394304,0.0,84.81570867392759,15.171120461847496,31.4,100.0,True,4.0201413070227164e-08,2.4584045895723284e-07,1.206962261033215e-11,5.117963025688078e-08,0.0,0.8666751521428603,0.7863685300000043,0.6607230167596341,-0.16203567857142884,-0.0705659599999961,-0.20581150826511163,0.11025775071428155,-0.1812402399999939,-0.17307888264007562,-0.1957287807142762,-0.114912299999986,-0.31243712018281805,0.19350702714286225,0.3470677000000108,0.029203873472902334,-0.30049703357143287,-0.2560386100000045,-0.3723182501811929,AgZn,2,5
6,3.3,vsp13_240823_Ag-0.636-Au-0.182-Zn-0.182_pp0_rep1,vsp,13.0,240823.0,Ag-0.636-Au-0.182-Zn-0.182,pp0,1,CO2R,Ag-0.552-Au-0.237-Zn-0.211,dcgat-agm003166480,Ag-0.5-Au-0.25-Zn-0.25,,1846.5102215938427,,125.51107969213425,72.03232838029649,12.28119378002019,0.011734519088146473,0.0,84.33272528602399,15.666871920589774,35.7,81.87,True,4.5907455212684016e-07,7.827018313749124e-08,1.869653257067365e-11,9.984769855281644e-08,0.0,1.4613997496153748,0.18634187826479315,1.100627310058903,-0.3048728796153898,0.09575936121379457,-0.4490278463404398,0.06702160692307703,0.6325171527680741,-0.2773627291251217,-0.16180042923077195,0.13089188481119465,-0.2557002327326373,0.1494333526922964,0.07955137738109029,0.08770271800567786,-0.18770535384613835,0.19504523484235972,-0.3671694366267512,AgAuZn,3,6
7,3.3,uoft4_240405_Ag-0.5-Pd-0.5_pp0_rep1,uoft,4.0,240405.0,Ag-0.5-Pd-0.5,pp0,1,CO2R,Ag-0.515-Pd-0.485,dcgat-agm001417020,Ag-0.5-Pd-0.5,,163.726033878168,,117.26033878167998,35.26029672931266,50.86719935536545,0.034009446966933685,0.002244292200690586,86.25202467955154,13.43235287127796,30.5,72.98,True,2.1017645453252278e-07,3.032046977534932e-07,5.068012500714221e-11,8.006637959368027e-08,1.3377578223384802e-11,-0.6603889161654183,-0.31727480194611585,-1.4562484455608116,-1.6282461261654149,-1.5233214228627097,-1.8040323028536482,-0.925367216315787,-0.7083634745739957,-1.096197346328885,-0.9385334952631569,-0.7332584635528945,-1.4235581802842292,-0.39991368390978005,-0.3869090473798795,-0.5069940280235377,0.4858560501503795,0.7491351595966049,0.174854037281256,AgPd,4,7
8,3.3,vsp11_240802_Ag-0.5-Zn-0.5_pp0_rep1,vsp,11.0,240802.0,Ag-0.5-Zn-0.5,pp0,1,CO2R,Ag-0.575-Zn-0.425,dcgat-agm003292345,Ag-0.571-Zn-0.429,,1653.301020051456,,82.52550128639683,19.071090778069717,85.3139539914945,0.032281836883212726,0.0,104.51435850802147,0.0,26.9,100.0,True,7.756731724041166e-08,3.469950728723831e-07,3.282475438561185e-11,0.0,0.0,0.983757240500001,1.2472752679879435,0.6054666149865947,-0.19274769800000296,-0.15357308195032615,-0.23279559214765175,-0.15000610350000443,0.04777282621019531,-0.31831195101576804,-0.188789120499996,0.04348651411670446,-0.4795818675305901,0.13426380400000215,0.2518917480568181,-0.23298177058976197,-0.23720278400000225,-0.04857094455143101,-0.3894747211831298,AgZn,2,8
9,3.3,vsp11_240802_Ag-0.6-Zn-0.4_pp0_rep1,vsp,11.0,240802.0,Ag-0.6-Zn-0.4,pp0,1,CO2R,Ag-0.746-Zn-0.254,mp-864794,Ag-0.75-Zn-0.25,,1658.0245858822823,,101.2292941141146,7.768273540316137,78.92997649719906,0.008251865712509309,0.0,86.71656685341858,13.27465960626681,38.0,96.08,True,4.0659690818394276e-08,4.1312505591153874e-07,1.0797711576589328e-11,6.948050329446418e-08,0.0,1.8872577172727254,2.1062620799999934,1.4568517556137466,-0.05436216545454768,0.2197595899999953,-0.15985350763087858,0.28766819727272136,0.579642800000002,0.041612473575482985,0.19064204818182098,0.6742368900000031,-0.1089239905453978,0.37346365181818314,0.3238882800000056,0.32253527693801004,0.15607330818181386,0.2630019199999935,-0.10657959415835985,AgZn,2,9
10,3.3,vsp11_240802_Ag-0.667-Zn-0.333_pp0_rep1,vsp,11.0,240802.0,Ag-0.667-Zn-0.333,pp0,1,CO2R,Ag-0.829-Zn-0.171,dcgat-agm003194924,Ag-0.833-Zn-0.167,,1667.0,,76.02816124780468,15.248313094842047,81.89043615952495,0.0190486316587533,0.0,97.55547074775745,0.0,34.65,100.0,True,5.667703906178235e-08,3.0438169915134875e-07,1.7700647177848452e-11,0.0,0.0,1.8512876404347802,1.756918723737469,1.5257143112581306,-0.16536904304347982,0.005049573459933395,-0.25053361915939726,0.12813227347825834,0.31716370095639196,-0.013007413568587747,0.0378887478260922,0.4167820978127696,-0.11417480634904975,0.27865142130434856,0.23367377735782305,0.21926833549825478,0.0795522534782592,0.18219857145702129,-0.08652093284610751,AgZn,2,10
11,3.3,vsp23_241025_Ag-0.75-Ga-0.25_pp0_rep2,vsp,23.0,241025.0,Ag-0.75-Ga-0.25,pp0,2,CO2R,Ag-0.855-Ga-0.145,dcgat-agm003299722,Ag-0.875-Ga-0.125,,2144.678395590681,,116.08022046595536,48.317535859225735,47.78859480994093,0.05089462039327345,0.0017716007195178738,96.30347574648113,0.0,36.4,92.77,True,2.8526382824529017e-07,2.8214099207511187e-07,7.511969511843303e-11,0.0,1.0459424190095208e-11,1.6895550018181689,0.21612835070298317,0.21612835070298317,-0.133946784545463,0.07317033874469174,0.07317033874469174,0.16626792181817895,0.19892790987671802,0.19892790987671802,0.14309809545454497,0.1994559975039896,0.1994559975039896,0.328805205454538,0.06970860046115716,0.06970860046115716,0.18710307181818694,0.2794166314609981,0.2794166314609981,AgGa,1,11
12,3.3,uoft4_240405_Ag-0.889-Hg-0.111_pp0_rep1,uoft,4.0,240405.0,Ag-0.889-Hg-0.111,pp0,1,CO2R,Ag-0.984-Hg-0.016,mp-2646971,Ag-0.889-Hg-0.111,,288.84584920913613,,57.70753954319216,53.951456486153425,34.12951516411416,0.22928482240631265,0.01595047864153689,88.66538951871269,11.228106737864822,37.9,100.0,True,1.555562241531071e-07,9.840435934233516e-08,1.6527209621437886e-10,3.2373581776769544e-08,4.5989420722108896e-11,2.2611884483333404,2.2627905015850116,1.9997731633630196,-0.1406098133333368,-0.07540925008942367,-0.21203375387047668,0.3251147366666676,0.39639562467005324,0.26498591756259343,0.2838538016666732,0.37937104190937176,0.1962020385438604,0.34027966666667453,0.32930463577064684,0.2746415250796489,0.5250122583333313,0.5599386648441849,0.39319385696725484,AgHg,5,12
13,3.3,vsp10_240726_Au-0.294-Zn-0.706_pp0_rep1,vsp,10.0,240726.0,Au-0.294-Zn-0.706,pp0,1,CO2R,Au-0.226-Zn-0.774,oqmd-311946,Au-0.25-Zn-0.75,,1492.6605069800326,,155.35023266775434,65.6022582164778,28.571006591112138,0.0053948858148521635,0.0,94.23349926635873,6.5498149286645875,38.5,79.375,True,5.258831766834626e-07,2.2903192840706578e-07,1.0811669320883171e-11,5.250486149438262e-08,0.0,0.9175981800000017,1.2002699270730517,0.027385602658374832,-0.5198611090000057,-0.11987632662827635,-0.9621692746898338,-0.3958768240000012,-0.024184045991673734,-1.0756269220428445,-0.42463338399999484,-0.09149940208156164,-1.0472763754994796,-0.17488592399999592,0.22166501249802414,-0.8760451593802715,-0.5022221340000016,-0.18080238789739184,-1.1082070817405258,AuZn,6,13
14,3.3,vsp3_240718_Au-0.333-Cu-0.667_pp0_rep3,vsp,3.0,240718.0,Au-0.333-Cu-0.667,pp0,3,CO2R,Au-0.448-Cu-0.552,dcgat-agm003187403,Au-0.429-Cu-0.571,,2294.909946238526,,170.49731192631538,35.94256577245417,54.3599159242647,0.08420510508683504,0.8618936077927116,92.02204179799764,7.857103544153321,25.9,93.71000000000001,True,3.1436103029316466e-07,4.7544294096272187e-07,1.841187671368782e-10,6.871983432949737e-08,7.538297746023972e-09,1.0829100615217349,1.219258667159847,0.6549377085954602,-0.7255759528260854,-0.4786379480126263,-0.9196448282291348,-0.21753226652173682,0.022324972024665646,-0.4751937631926011,-0.2215922193478239,0.18841156380451882,-0.5852710283730282,0.05653264499999441,0.10176065110936755,-0.04484739995475179,0.11847083043478357,0.38930942957639864,-0.30162958398416845,AuCu,7,14
15,3.3,vsp3_240718_Au-0.429-Cu-0.571_pp0_rep1,vsp,3.0,240718.0,Au-0.429-Cu-0.571,pp0,1,CO2R,Au-0.57-Cu-0.43,dcgat-agm003194949,Au-0.571-Cu-0.429,,2307.986915629215,,175.32710926961636,51.83488210448872,39.48222916127795,0.03965970865573715,0.3766484130779301,92.89604429016798,6.9403282197694605,26.9,75.58,True,4.6613350228849254e-07,3.550502867934489e-07,8.916157491288634e-11,6.241201617072152e-08,3.3870713463861633e-09,1.2112076814655093,1.2577498192393362,0.728329825489863,-0.7020919731465571,-0.5205321453175495,-0.8960571703215482,-0.230341869267239,-0.00036663414623723,-0.4015723457923599,-0.16963428637931355,-0.12966790296118216,-0.5107866110953911,0.0753969624137856,0.13509624687291888,-0.22195315209615749,0.2332353854310406,0.32073902042824376,-0.332645212971556,AuCu,7,15
16,3.3,vsp26_241004_Au-0.778-Ga-0.222_pp0_rep2,vsp,26.0,241004.0,Au-0.778-Ga-0.222,pp0,2,CO2R,Au-0.589-Ga-0.411,dcgat-agm003299733,Au-0.6-Ga-0.4,,2206.021601190595,,124.45997023512369,61.96827881625157,17.405061248622808,0.013642599980942612,0.0,79.46965645210594,20.530226522152233,34.5,70.47,True,3.9158259124212574e-07,1.0998399688771443e-07,2.155217457167886e-11,1.2973217029587464e-07,0.0,1.2963021624999875,0.19713983504317723,0.19713983504317723,-0.3538467375000032,0.15823609091252952,0.15823609091252952,-0.1755036725000032,0.12908996869632375,0.12908996869632375,0.033170958750005766,0.14351863006769305,0.14351863006769305,0.15198232750000248,0.06843365188285412,0.06843365188285412,0.18534356000001037,0.2802588543731391,0.2802588543731391,AuGa,8,16
17,3.3,uoft4_240405_Au-0.5-Pd-0.5_pp0_rep1,uoft,4.0,240405.0,Au-0.5-Pd-0.5,pp0,1,CO2R,Au-0.642-Pd-0.358,oqmd-1340599,Au-0.625-Pd-0.375,,415.26035455710064,,68.49113607248428,60.93166968995843,25.15781010439764,0.04156647760605956,0.0,87.58981277549707,12.388699820200078,26.9,70.12,True,2.0400979471323558e-07,8.42327101973139e-08,3.4792943499306454e-11,4.147951500333569e-08,0.0,-0.3119628939215769,0.059331163446478666,-1.279628696788054,-1.4362234337255102,-1.3703389792143255,-1.7470945473130846,-0.8399882017647051,-0.6413870923104474,-1.0953303896941478,-0.7236088809804001,-0.6088149072188112,-1.7239922476549834,-0.3098213341176686,-0.3653737641519341,-0.4822460948896728,0.7250369103921779,0.9921160569919273,0.4611562338732235,AuPd,9,17
18,3.3,vsp3_240718_Au-0.556-Cu-0.444_pp0_rep1,vsp,3.0,240718.0,Au-0.556-Cu-0.444,pp0,1,CO2R,Au-0.653-Cu-0.347,mp-1184018,Au-0.667-Cu-0.333,,2351.3354970236323,,133.22514881838617,62.32641428332728,37.24537612578367,0.03515025857670227,0.027162432455770297,99.86771316383148,3.0072302918928537,29.75,96.74166666666667,True,4.228589343736267e-07,2.526944673457155e-07,5.961999039898989e-11,2.0402813337940918e-08,1.842858661983888e-10,1.422922332586207,1.5148747887625293,1.0209226625953132,-0.6356632003448295,-0.42049287791743445,-0.8379967715159269,-0.2177439468965572,0.06458566973036226,-0.4183285609304418,-0.039078156724132444,0.3594948873087295,-0.3021112856030476,0.12469958017241305,0.22352150941322269,0.0752384456681325,0.5428418149999998,0.781223073250216,0.24638591447832617,AuCu,7,18
19,3.3,uoft7_240716_Au-0.667-Pd-0.333_pp0_rep1,uoft,8.0,240870.5,Au-0.667-Pd-0.333,pp0,1,CO2R,Au-0.659-Pd-0.341,dcgat-agm003290367,Au-0.667-Pd-0.333,,1220.844795295882,,96.89590591764181,87.48578848243194,2.3989415109223096,0.05004232463190424,0.0,89.98683103943472,9.825726142581399,32.5,87.155,True,4.342693762564187e-07,1.1908069318402094e-08,6.210108373396617e-11,4.877377271466298e-08,0.0,-0.4155619276470667,0.1102693926081956,-1.2056716830581555,-1.2492594941176511,-1.2525956388947221,-1.6310989775929443,-0.7699137817647008,-0.5940370377323378,-1.1814810209176274,-0.8096967688235331,-0.4834031132176171,-1.6807160588885612,-0.23737609529412146,-0.2655297554172088,-0.27062121058130384,0.7759979523529523,1.0279255640633778,0.572740092621351,AuPd,9,19
20,3.3,vsp10_240726_Au-0.75-Zn-0.25_pp0_rep3,vsp,10.0,240726.0,Au-0.75-Zn-0.25,pp0,3,CO2R,Au-0.659-Zn-0.341,oqmd-1339474,Au-0.667-Zn-0.333,,1569.979555784794,,112.7555526900746,77.31011287442462,11.328036849387063,0.01100677019936528,0.0,88.7197025630769,11.132027057608454,37.9,82.28,True,4.442928632647034e-07,6.510100347618595e-08,1.5813679689990368e-11,6.397455638693264e-08,0.0,1.3119271020833319,0.3380795897914094,0.4700102725906662,-0.394553152222221,0.2896666226693437,-1.0436281746062839,-0.25894594763889484,0.3079844098844404,-0.862153451909805,-0.02976182222221979,0.31533071272245405,-0.7780711333666334,0.04001918666666585,0.27143712965783945,-0.5642478221515451,-0.0201181631944453,0.34889228137681444,-0.869669398693273,AuZn,6,20
21,3.3,vsp10_240726_Au-0.833-Zn-0.167_pp0_rep1,vsp,10.0,240726.0,Au-0.833-Zn-0.167,pp0,1,CO2R,Au-0.706-Zn-0.294,oqmd-346974,Au-0.7-Zn-0.3,,1581.7694311023065,,94.23577755766155,73.7229700742736,10.747223420480058,0.012722121304852155,0.0,84.49335845323908,15.506636135814855,39.0,97.53,True,3.5270283403471325e-07,5.141648735243134e-08,1.5216181044503893e-11,7.418630185323404e-08,0.0,1.6315088000000033,1.51933901000001,1.2852116916689165,-0.2248655572727306,-0.014202670000003,-0.43089040620431296,-0.14776236636363518,0.0195857100000012,-0.5285105200827792,0.07432332909091727,0.2305348700000138,-0.23261890246465677,0.21553757454545322,0.197105300000004,-0.07450996206300069,0.40947096000000466,0.5541612300000054,0.018555182945027712,AuZn,6,21
22,3.3,uoft6_240624_Au-0.833-Cd-0.167_pp0_rep2,uoft,6.0,240624.0,Au-0.833-Cd-0.167,pp0,2,CO2R,Au-0.768-Cd-0.232,mp-1264,Au-0.75-Cd-0.25,,984.1347101329393,,156.73550664696526,62.61767772326142,23.043077104608745,0.01877974292219599,0.0011658789292598771,85.95957110238054,13.860152043109794,26.5,95.6,True,5.059748532371153e-07,1.8619690125947856e-07,3.793688146214581e-11,1.1199534461897503e-07,9.420748925432792e-12,1.8815128270000003,0.19503173208572397,1.4872154116095744,-0.06246472800000474,0.14794750764955675,-0.2526857518773965,0.06526247000000043,0.18705893347073554,-0.2899435162573706,0.3142161370000068,0.23029629287156136,-0.022380490003623518,0.40641767799999684,0.25936861280928636,0.1797755342385862,0.5629462000000046,0.2165525859207148,0.18692829513709278,AuCd,10,22
23,3.3,uoft4_240405_Au-0.556-Cu-0.444_pp0_rep1,uoft,4.0,240405.0,Au-0.556-Cu-0.444,pp0,1,CO2R,Au-0.76-Cu-0.24,dcgat-agm003264508,Au-0.75-Cu-0.25,,426.55618150302803,,101.40453757570069,47.11029563059812,37.771096192768745,0.1315195504740973,1.816835700300666,86.96109936905209,13.01037109497703,29.95,93.25,True,2.4692926773973483e-07,1.9797772439682454e-07,1.7234038683751533e-10,6.819404048524557e-08,9.52296951385013e-09,1.3304268284000011,1.0844075229935657,0.9360221085873582,-0.6790015682000059,-0.6156876865232963,-0.7688817588597462,-0.2771728038000035,-0.3230956863461425,-0.4982513940160418,-0.10239009649999825,-0.12093439510836196,-0.3175085122339688,0.09337520899999614,0.11471131312028646,0.056885782008464336,0.4674978769000005,0.3655334596423291,0.18936298567489332,AuCu,7,23
24,3.3,vsp3_240718_Au-0.875-Cu-0.125_pp0_rep1,vsp,3.0,240718.0,Au-0.875-Cu-0.125,pp0,1,CO2R,Au-0.715-Cu-0.285,dcgat-agm003203429,Au-0.75-Cu-0.25,,2380.6658249676534,,91.70875161732135,61.14539627740085,28.832195485782382,0.03433187864569607,0.0,90.10870671558888,9.891079221911035,30.2,89.985,True,2.8245916948495226e-07,1.3318938934331246e-07,3.9648749208881886e-11,4.569151878018735e-08,0.0,1.1575057264705848,0.7514430699999934,0.7657295834404217,-0.5678358933333348,-0.5556663300000082,-0.7411078084716911,-0.2158572366666686,-0.0839112799999952,-0.6553374026952354,-0.01795416686274128,0.0964594000000147,-0.2645200496748482,0.10849377372548666,0.1372400200000072,-0.2459257622135076,0.5248224019607903,0.58350145,0.03227665705636149,AuCu,7,24
25,3.3,vsp3_240718_Au-1.0_pp0_rep1,vsp,3.0,240718.0,Au-1.0,pp0,1,CO2R,Au-1.0,mp-81,Au-1.0,,2392.8414481158998,,147.35746859832608,70.10488132794981,13.924142408618822,0.022853467520015283,0.005057742560903602,84.08344483675626,15.893255922925317,31.7,100.0,True,5.333879339461325e-07,1.0594083337166831e-07,4.3469739885095997e-11,1.2092269154197262e-07,3.84814695337947e-11,1.5941656281818255,1.6220524931377822,1.4398416063946677,-0.4132145172727251,-0.3820866609925335,-0.49802747196318153,-0.15201056727273315,-0.16303148569738254,-0.18095423346489334,0.06261867545454822,-0.01588583228630157,-0.05959375014156958,0.162166843636367,0.14866195146926875,0.11400043452827172,0.9063645581818182,0.8605874299687105,0.8344033929326385,Au,11,25
26,3.3,uoft5_240507_Cd-0.111-In-0.889_pp0_rep1,uoft,5.0,240507.0,Cd-0.111-In-0.889,pp0,1,CO2R,Cd-0.138-In-0.862,dcgat-agm002142203,Cd-0.125-In-0.875,,879.4980958213865,,125.09520893067616,9.8343814588504,4.890026619748874,0.011349028792794138,0.0,14.74268319869708,85.25673821093802,33.8,100.0,True,6.246520818149037e-08,3.106006535273737e-08,1.8021454861343264e-11,5.41526675928188e-07,0.0,1.660618526666667,0.13380509897464626,1.4714136733690868,0.06381197333332503,0.08843893980875,-0.0008479454027733045,0.3309742399999938,0.07674798911822069,0.23403397750987306,0.3691049966666687,0.08421381103432538,0.26593029350421565,0.5805140600000035,0.07239033220117096,0.4813554055547245,0.033942439999999366,0.0818718092385885,-0.08133106515154498,CdIn,12,26
27,3.3,uoft6_240624_Cd-0.667-Tl-0.333_pp0_rep1,uoft,6.0,240624.0,Cd-0.667-Tl-0.333,pp0,1,CO2R,Cd-0.892-Tl-0.108,dcgat-agm003266936,Cd-0.889-Tl-0.111,,1011.9320752496416,,96.60376248207606,29.038685526902626,17.241135978272172,0.11084510340754564,0.009511551495000258,46.45528395255286,53.52582796632861,37.5,90.03,True,1.4356208907164705e-07,8.523710540258388e-08,1.369996120675587e-10,2.646221598087378e-07,4.702341645835618e-11,1.71708448,0.08039500085513952,0.08039500085513952,0.03280794199999876,0.07908384339897324,0.07908384339897324,0.25019628399999755,0.051176369488825486,0.051176369488825486,0.20312434300000604,0.06389973681291027,0.06389973681291027,0.4798633960000007,0.06716425754084165,0.06716425754084165,0.08391931599999969,0.06514948380562437,0.06514948380562437,CdTl,13,27
28,3.3,uoft4_240405_Cu-0.167-Pd-0.833_pp0_rep1,uoft,4.0,240405.0,Cu-0.167-Pd-0.833,pp0,1,CO2R,Cu-0.125-Pd-0.875,oqmd-1378051,Cu-0.125-Pd-0.875,,519.8203921665547,,97.00653610924553,81.0883498336969,12.390526104147161,0.05903016302148267,0.0,93.61114259419924,6.382141013114607,26.4,100.0,True,4.0313101984645853e-07,6.159954463302305e-08,7.336716639738566e-11,3.172883676505195e-08,0.0,-1.2781118919999812,0.2121838671430689,-1.554656137186391,-1.6902521135000186,0.0654854870913527,-1.7601268457440598,-1.0813646189999815,0.22359931498592361,-1.931683809999908,-1.4297915115000137,0.12268532931317477,-1.5986282352852017,-0.390750621499987,0.05402418291076654,-0.4812708492191877,0.3568833229999967,0.16450370227909578,0.3436358781454392,CuPd,14,28
29,3.3,uoft4_240405_Cu-0.8-Pd-0.2_pp0_rep1,uoft,4.0,240405.0,Cu-0.8-Pd-0.2,pp0,1,CO2R,Cu-0.745-Pd-0.255,mp-672265,Cu-0.75-Pd-0.25,,656.2959890365206,,88.26648394201081,34.649062097850845,28.12296654816394,0.112235030974225,0.9649342013439859,66.42219500595493,33.417381464969274,27.8,81.06,True,1.5260152747825009e-07,1.2385927331452169e-07,1.23576484659723e-10,1.471769550782148e-07,4.249766779408176e-09,0.0632218053435256,0.16248519823015276,-0.2696972342393232,-1.1375240676335945,0.16320545639527498,-1.309961556426608,-0.46742774908397244,0.1774076530630349,-0.6297082972476545,-0.5468593200763389,0.08754006971201846,-0.7074378753258947,-0.23342112564884956,0.08439863460775296,-0.38895006852871333,-0.08095778610688892,0.14087995733545738,-0.20475426624708937,CuPd,14,29
30,3.3,uoft7_240716_Cu-0.833-Pd-0.167_pp0_rep1,uoft,7.0,240716.0,Cu-0.833-Pd-0.167,pp0,1,CO2R,Cu-0.865-Pd-0.135,dcgat-agm003299718,Cu-0.875-Pd-0.125,,1099.186423070358,,159.32115351789585,21.334994360956927,38.00644235350981,0.5096700926277569,9.662624721099194,71.22250143469697,28.746736194874124,27.8,91.85,True,1.7497880953947318e-07,3.117095756077564e-07,1.0450139399741327e-09,2.3576615922286767e-07,7.924795020422871e-08,0.5719920349999962,0.1734708900000043,0.17347144771035983,-0.9155407416666795,-0.6158352199999797,-0.9959885990008422,-0.2825035883333224,-0.1186515299999655,-0.4851787047757629,-0.39037162833334094,-0.5771455500000116,-0.5804330686626737,-0.13659620333334976,-0.0513487099999849,-0.21912076153377483,-0.06252855666666096,-0.0360730499999988,-0.23487506585838136,CuPd,14,30
31,3.3,uoft4_240405_Cu-1.0_pp0_rep1,uoft,4.0,240405.0,Cu-1.0,pp0,1,CO2R,Cu-1.0,mp-30,Cu-1.0,,675.7416216211142,,95.69369368523584,40.26543233015032,35.70714000384983,0.10173993207998372,8.123377103308213,85.1014161874032,14.744724150069741,22.2,100.0,True,1.9656944986035837e-07,1.7431659019808536e-07,1.241695501603843e-10,7.198140307441038e-08,3.9657037707002464e-08,0.5275917999999962,0.6864289975670432,0.26638872049320284,-0.6835839400000072,-0.5136371974802166,-0.9115804419373394,-0.16344763666667142,0.13106947485627385,-0.3946502297513599,-0.37088510777778555,-0.012464947593091028,-0.5885962017202646,-0.10058876666667028,-0.053388226496393305,-0.3253753728670828,-0.05958025555553564,0.1841043402266217,-0.18828800190301923,Cu,15,31
32,3.3,vsp3_240718_Cu-1.0_pp0_rep1,vsp,3.0,240718.0,Cu-1.0,pp0,1,CO2R,Cu-1.0,mp-30,Cu-1.0,,2398.0746180082524,,138.43272510315649,17.11546838567565,32.552214369336994,0.946613939039462,22.0628486081062,73.84176585069861,26.08941853136055,33.4,76.34,True,1.2113017114454865e-07,2.3037963138606588e-07,1.6748520382245266e-09,1.8464091432112498e-07,1.56143937613348e-07,0.5275917999999962,0.6864289975670432,0.26638872049320284,-0.6835839400000072,-0.5136371974802166,-0.9115804419373394,-0.16344763666667142,0.13106947485627385,-0.3946502297513599,-0.37088510777778555,-0.012464947593091028,-0.5885962017202646,-0.10058876666667028,-0.053388226496393305,-0.3253753728670828,-0.05958025555553564,0.1841043402266217,-0.18828800190301923,Cu,15,32
33,3.3,uoft9_241025_Hg-0.2-Pd-0.8_pp0_rep1,uoft,9.0,241025.0,Hg-0.2-Pd-0.8,pp0,1,CO2R,Hg-0.267-Pd-0.733,mp-1184658,Hg-0.25-Pd-0.75,,1441.9870649887646,,99.35324943823338,47.945998914330225,31.471717347198556,0.01095789624649729,0.0,79.44062899706364,20.555653775518554,28.5,90.94,True,2.4624575245318965e-07,1.616355252708842e-07,1.4069658926827668e-11,1.0557173790797689e-07,0.0,-0.7029754061904869,-0.6210449582151095,-1.38537286228792,-1.560328486190484,-1.6228566839843008,-1.7844130872526798,-0.8775252942857199,-0.7111995832969861,-1.1577451575309368,-0.9897531980952443,-1.0668769531538338,-1.4461868577998245,-0.3355000442857253,-0.4386687757662832,-0.4631551738974297,0.5899874014285722,0.7937865280068034,0.3644242796388861,HgPd,16,33
34,3.3,vsp8_240802_Pd-0.25-Zn-0.75_pp0_rep1,vsp,8.0,240802.0,Pd-0.25-Zn-0.75,pp0,1,CO2R,Pd-0.246-Zn-0.754,oqmd-759868,Pd-0.25-Zn-0.75,,2498.3778637829137,,81.10681085431112,25.232986548763066,66.96253791033125,0.008043963459521361,0.0,92.44589958083304,7.4954115751383625,36.5,87.37,True,1.0063070757562425e-07,2.670507336875877e-07,8.019955674685915e-12,2.989216393069707e-08,0.0,0.6747600639743583,0.2371939097324279,0.1701470779008037,-0.6332007221794872,0.36479105907402676,-1.1517439594061558,-0.246021932179489,0.21539260565758564,-0.4785965915272424,-0.24739075641025027,0.22444580968564376,-0.6946792674334118,0.05666120461538726,0.21357750380246723,-0.5092210177564223,-0.3716284548717967,0.19505342121205227,-0.7124028278749911,PdZn,17,34
35,3.3,vsp8_240802_Pd-0.4-Zn-0.6_pp0_rep1,vsp,8.0,240802.0,Pd-0.4-Zn-0.6,pp0,1,CO2R,Pd-0.357-Zn-0.643,mp-1215779,Pd-0.375-Zn-0.625,,2510.726320172035,,68.15800430087182,46.0155773866529,44.22576895667805,0.010830130236554852,0.0,91.34717562565407,8.547995505289572,37.4,96.08,True,1.5335825645939892e-07,1.4739327860177252e-07,9.023519776522581e-12,2.848830246981148e-08,0.0,0.7850986387106882,0.3527267667327491,-0.12703151819745243,-0.7838818373899382,0.35905293564706997,-1.6638586874260186,-0.296664305188679,0.3345532482602187,-1.0315246848471997,-0.3065565225786164,0.35146415428893596,-0.9344574854482833,0.015121767893077068,0.3035538523674938,-0.696236704851845,-0.43889331380502905,0.19622624064616415,-1.1467044117060639,PdZn,17,35
36,3.3,vsp8_240802_Pd-0.75-Zn-0.25_pp0_rep1,vsp,8.0,240802.0,Pd-0.75-Zn-0.25,pp0,1,CO2R,Pd-0.602-Zn-0.398,mp-1652,Pd-0.625-Zn-0.375,,2557.7227217178006,,86.13608589003857,74.93439681480338,11.425538869240956,0.004253533292345809,0.0,86.6835053316577,13.313718134033392,33.4,100.0,True,3.204220088594588e-07,4.885598967096484e-08,4.547062965130809e-12,5.692990790916499e-08,0.0,1.0546681069230819,1.5358140633254354,0.2997104799758349,-0.8684046753846071,-0.7411491970824219,-1.2024641761586115,-0.3375528630769246,-0.19582901380382522,-0.5982747749895484,-0.2824966838461478,0.06718861948293388,-0.5705623801865511,-0.08316653692307338,-0.11119890751202843,-0.301648434646059,0.03149451923076623,0.21647730038118349,-0.40355033558714004,PdZn,17,36
37,3.3,vsp8_240802_Pd-0.8-Zn-0.2_pp0_rep1,vsp,8.0,240802.0,Pd-0.8-Zn-0.2,pp0,1,CO2R,Pd-0.722-Zn-0.278,dcgat-agm003290716,Pd-0.714-Zn-0.286,,2577.62830678477,,68.58466076150849,71.95551254988793,18.41463059503748,0.018535139599505295,0.0,90.5310277650901,9.464063810328248,31.2,90.48,True,2.412320933434445e-07,6.173536577211205e-08,1.5534843570538248e-11,3.1728436690914476e-08,0.0,-0.19023242514286176,-0.10160847576084894,-1.4295052483788542,-1.377761938000007,-1.218329076729745,-1.4939659272739432,-0.6657139999999937,-0.6375837279403724,-0.8264864452622058,-0.6566505145714262,-0.5563343093099123,-1.1051287391343083,-0.2635415071428635,-0.2016700361308599,-0.3136413367419859,0.18115807571429057,0.3634620388366834,-0.12050024826280595,PdZn,17,37
38,3.3,vsp4_240726_Pd-0.889-Sn-0.111_pp0_rep1,vsp,4.0,240726.0,Pd-0.889-Sn-0.111,pp0,1,CO2R,Pd-0.857-Sn-0.143,dcgat-agm002351115,Pd-0.867-Sn-0.133,,2472.3558851783882,,78.60287054028923,78.64367964419498,13.512543095476012,0.08844679383321931,0.004385129733957776,92.4815844277826,7.491054260145609,35.25,89.13499999999999,True,3.0293571133215634e-07,5.2050360220353704e-08,8.517433481665864e-11,2.8855565522772387e-08,1.6891534084498318e-11,-0.8406513981818141,0.3821488318065619,-1.3152713320919545,-1.5954760227272893,0.08519858041507643,-1.6308314319507315,-0.872143893636369,0.16186158986474558,-0.9904045444561869,-1.1220869009090988,0.25862527220678594,-1.4793011351317524,-0.39306890181817844,0.05795943063675043,-0.45400716306177413,0.5530135654545425,0.16511744080905852,0.2919352953121933,PdSn,18,38
39,3.3,vsp8_240802_Pd-0.867-Zn-0.133_pp0_rep1,vsp,8.0,240802.0,Pd-0.867-Zn-0.133,pp0,1,CO2R,Pd-0.884-Zn-0.116,oqmd-1367806,Pd-0.889-Zn-0.111,,2590.7454320468805,,74.84773489602117,66.31097813102109,20.925207847259728,0.06262955349326779,0.00756043269007888,87.41242763804617,12.5849046721479,32.4,98.765,True,2.42473293859375e-07,7.6515295271199e-08,5.725294120397835e-11,4.601807083485638e-08,2.7645543302699777e-11,-1.1811334199999806,0.09959244638515159,-1.2404095563655724,-1.6732991625000224,0.06737183178130703,-1.7751187456012398,-0.9966128724999948,0.07563150433605403,-1.0499500784506772,-1.2742828237500134,0.1231002731093894,-1.3509184185287795,-0.41014670749997606,0.06709508212010669,-0.5090434510742442,0.29409827749998385,0.12209685594143234,0.21477253026819282,PdZn,17,39
40,3.3,uoft4_240405_Pd-1.0_pp0_rep1,uoft,4.0,240405.0,Pd-1.0,pp0,1,CO2R,Pd-1.0,mp-1056438,Pd-1.0,,765.2139476237693,,94.65130940576898,80.61122400724929,12.490284090922298,0.07417514908935209,0.0,93.27370022744059,6.69307162982379,30.1,100.0,True,3.878853638459193e-07,6.010079177945011e-08,8.922905912662127e-11,3.220574499833344e-08,0.0,-1.4397809399999997,-1.3901781313835273,-1.5748810113276865,-1.7092265400000153,-1.743051938547083,-1.773625923671385,-1.0635952657142735,-1.0452613968799462,-1.0835085368698114,-1.5340753557143014,-1.5178044514195064,-1.778345976108295,-0.4050148499999945,-0.42873122956782955,-0.46145073041449675,0.40232032714288024,0.3691287793170278,0.27076342690037697,Pd,19,40
41,3.3,vsp8_240802_Pd-1.0_pp0_rep1,vsp,8.0,240802.0,Pd-1.0,pp0,1,CO2R,Pd-1.0,mp-2646977,Pd-1.0,,2600.3510459354575,,66.88807419322055,65.30279400605968,22.281979126761527,0.02428589016472202,0.0,87.97889259890974,11.989031345630192,28.6,100.0,True,2.1383968630160198e-07,7.29642812251399e-08,1.9881565610720347e-11,3.925912728591269e-08,0.0,-1.2367332133333566,-1.3495383973584243,-1.3618957441126365,-1.5969789850000164,-1.5697643242416572,-1.5761343290645058,-0.9216366483333474,-0.8155535296749119,-0.985413568691116,-1.3300025850000263,-1.324231672134257,-1.7361295303947413,-0.3503220616666833,-0.37198651532845073,-0.37224152456674103,0.5618598716666648,0.7202510092639727,0.4349723393453863,Pd,19,41
42,3.3,uoft4_240405_Rh-1.0_pp0_rep1,uoft,4.0,240405.0,Rh-1.0,pp0,1,CO2R,Rh-1.0,mp-74,Rh-1.0,,781.6363719663955,,113.63719663954843,96.50262208130918,0.0,0.03585950805789445,0.0,96.54698579437644,3.4137520400629504,28.8,100.0,True,5.030902634819166e-07,0.0,4.6735956412608614e-11,1.779667097387432e-08,0.0,-1.499769802307705,-1.2499921655005255,-1.9898647005962797,-1.7467474546153987,-1.6369128228531538,-1.6881023198630567,-1.3100663869230795,-1.0374883020732688,-1.3189850665629441,-1.8963017499999943,-1.7178996566269757,-2.074791317123948,-0.39696781923077357,-0.36946910262386856,-0.3533597330835327,-0.0449729492307693,0.25565247627043136,-0.24847386830840487,Rh,20,42
