,sample id,source,batch number,batch date,composition,voltage,post processing id,rep,reaction,xrf comp,bulk_id,computational_comp_nearest_xrf,sid,Unnamed: 0,total reps,current density,fe_h2,fe_co,fe_ch4,fe_c2h4,fe_gas_total,fe_liquid,rwp,q_score,matched,voltage_she,C_mean_energy,C_wulff_energy,C_boltz_energy,CO_mean_energy,CO_wulff_energy,CO_boltz_energy,CHO_mean_energy,CHO_wulff_energy,CHO_boltz_energy,COCOH_mean_energy,COCOH_wulff_energy,COCOH_boltz_energy,H_mean_energy,H_wulff_energy,H_boltz_energy,OH_mean_energy,OH_wulff_energy,OH_boltz_energy,elements,loco_cv,loo_cv
0,uoft7_240716_Ag-0.1-Au-0.5-Pd-0.4_pp0_rep1,uoft,7.0,240716.0,Ag-0.1-Au-0.5-Pd-0.4,2.667648215,pp0,1,HER,Ag-0.238-Au-0.367-Pd-0.394,mp-1229031,Ag-0.25-Au-0.375-Pd-0.375,uoft7_240716_Ag-0.1-Au-0.5-Pd-0.4_pp0,1031.0,,50.0,,,,,,,32.0,100.0,True,-1.27756686796114,-1.441553013049641,-1.3011442700000089,-1.6168566633254426,-1.7893735343971682,-1.673854829999982,-1.8825159312901711,-1.0984305495744677,-1.055497769999988,-2.2711688306893727,-1.3705214020567382,-0.96270844,-2.904106820000038,-0.4581712429077994,-0.4381656699999894,-0.49406174164879724,0.3436518581560297,0.4458009499999775,0.1488127312138277,AgAuPd,0,0
1,vsp23_241025_Ag-0.2-Ga-0.8_pp0_rep1,vsp,23.0,241025.0,Ag-0.2-Ga-0.8,3.0249224958677687,pp0,1,HER,Ag-0.236-Ga-0.764,mp-1184226,Ag-0.25-Ga-0.75,vsp23_241025_Ag-0.2-Ga-0.8_pp0,2075.0,,50.0,,,,,,,33.8,74.08,True,-1.5527646250244942,0.7120090122500009,0.20455989311123451,0.20455989311123451,-0.104400520000004,0.1758878527443866,0.1758878527443866,0.03058760324999879,0.19944770569485618,0.19944770569485618,0.10614155225000377,0.15123627770433873,0.15123627770433873,0.31829680425000256,0.15160651074928636,0.15160651074928636,-0.10556885550000208,0.18522160410457206,0.18522160410457206,AgGa,1,1
2,vsp23_241025_Ag-0.25-Ga-0.75_pp0_rep1,vsp,23.0,241025.0,Ag-0.25-Ga-0.75,2.984710495867769,pp0,1,HER,Ag-0.327-Ga-0.673,dcgat-agm003291171,Ag-0.333-Ga-0.667,vsp23_241025_Ag-0.25-Ga-0.75_pp0,2082.5,,50.0,,,,,,,32.95,76.555,True,-1.5217905168962704,0.8120143784848436,0.24073966522475487,0.24073966522475487,-0.06587569242424421,0.22094944206223996,0.22094944206223996,0.09139453727273103,0.20425876020772193,0.20425876020772193,0.15312756151514817,0.1817715626341421,0.1817715626341421,0.3955672284848426,0.19350763428734633,0.19350763428734633,-0.013602567575751633,0.19788623960999413,0.19788623960999413,AgGa,1,2
3,vsp11_240802_Ag-0.167-Zn-0.833_pp0_rep1,vsp,11.0,240802.0,Ag-0.167-Zn-0.833,3.112236512396694,pp0,1,HER,Ag-0.307-Zn-0.693,oqmd-758527,Ag-0.333-Zn-0.667,vsp11_240802_Ag-0.167-Zn-0.833_pp0,1596.0,,50.0,,,,,,,39.4,97.04,True,-1.62002001617829,0.7771456890123453,0.9961646859590515,-0.1118457120900805,-0.12360191098765552,0.16778406023182918,-0.49941656834820564,-0.0798685372839539,0.2225083291591186,-0.6787686206265588,-0.13277594111110586,0.16062651148426144,-0.6521134316904162,0.17575441814815093,0.3558806997293946,-0.25095923662555414,-0.24630173765432245,-0.16985387753244624,-0.7196508215714391,AgZn,2,3
4,vsp11_240802_Ag-0.375-Zn-0.625_pp0_rep1,vsp,11.0,240802.0,Ag-0.375-Zn-0.625,3.1135740661157025,pp0,1,HER,Ag-0.413-Zn-0.587,dcgat-agm003290582,Ag-0.4-Zn-0.6,vsp11_240802_Ag-0.375-Zn-0.625_pp0,1629.0,,50.0,,,,,,,34.7,100.0,True,-1.6210502940436005,0.8997726696296274,0.6961815800000011,0.09776770056363232,-0.1977695844444485,-0.1867979200000178,-0.6683370131114706,-0.06564953000000304,-0.287745440000009,-0.568326085956838,-0.15840085814814342,-0.2698231899999967,-0.6222521877709863,0.1713727170370397,0.1727384900000004,-0.33212897239971595,-0.219562165185188,-0.4528270300000088,-0.7856984447188478,AgZn,2,4
5,vsp11_240802_Ag-0.429-Zn-0.571_pp0_rep1,vsp,11.0,240802.0,Ag-0.429-Zn-0.571,3.2588824628099173,pp0,1,HER,Ag-0.478-Zn-0.522,dcgat-agm003193172,Ag-0.462-Zn-0.538,vsp11_240802_Ag-0.429-Zn-0.571_pp0,1643.0,,50.0,,,,,,,31.4,100.0,True,-1.7329770321104814,0.8666751521428603,0.7863685300000043,0.6607230167596341,-0.16203567857142884,-0.0705659599999961,-0.20581150826511163,0.11025775071428155,-0.1812402399999939,-0.17307888264007562,-0.1957287807142762,-0.114912299999986,-0.31243712018281805,0.19350702714286225,0.3470677000000108,0.029203873472902334,-0.30049703357143287,-0.2560386100000045,-0.3723182501811929,AgZn,2,5
6,vsp13_240823_Ag-0.636-Au-0.182-Zn-0.182_pp0_rep1,vsp,13.0,240823.0,Ag-0.636-Au-0.182-Zn-0.182,3.044843404958677,pp0,1,HER,Ag-0.552-Au-0.237-Zn-0.211,dcgat-agm003166480,Ag-0.5-Au-0.25-Zn-0.25,vsp13_240823_Ag-0.636-Au-0.182-Zn-0.182_pp0,1842.0,,50.0,,,,,,,35.7,81.87,True,-1.5681091090639425,1.4613997496153748,0.18634187826479315,1.100627310058903,-0.3048728796153898,0.09575936121379457,-0.4490278463404398,0.06702160692307703,0.6325171527680741,-0.2773627291251217,-0.16180042923077195,0.13089188481119465,-0.2557002327326373,0.1494333526922964,0.07955137738109029,0.08770271800567786,-0.18770535384613835,0.19504523484235972,-0.3671694366267512,AgAuZn,3,6
7,uoft4_240405_Ag-0.5-Pd-0.5_pp0_rep1,uoft,4.0,240405.0,Ag-0.5-Pd-0.5,2.315954339,pp0,1,HER,Ag-0.515-Pd-0.485,dcgat-agm001417020,Ag-0.5-Pd-0.5,uoft4_240405_Ag-0.5-Pd-0.5_pp0,163.0,,50.0,,,,,,,30.5,72.98,True,-1.0066675308662911,-0.6603889161654183,-0.31727480194611585,-1.4562484455608116,-1.6282461261654149,-1.5233214228627097,-1.8040323028536482,-0.925367216315787,-0.7083634745739957,-1.096197346328885,-0.9385334952631569,-0.7332584635528945,-1.4235581802842292,-0.39991368390978005,-0.3869090473798795,-0.5069940280235377,0.4858560501503795,0.7491351595966049,0.174854037281256,AgPd,4,7
8,vsp11_240802_Ag-0.5-Zn-0.5_pp0_rep1,vsp,11.0,240802.0,Ag-0.5-Zn-0.5,3.18226120661157,pp0,1,HER,Ag-0.575-Zn-0.425,dcgat-agm003292345,Ag-0.571-Zn-0.429,vsp11_240802_Ag-0.5-Zn-0.5_pp0,1651.0,,50.0,,,,,,,26.9,100.0,True,-1.673957956351804,0.983757240500001,1.2472752679879435,0.6054666149865947,-0.19274769800000296,-0.15357308195032615,-0.23279559214765175,-0.15000610350000443,0.04777282621019531,-0.31831195101576804,-0.188789120499996,0.04348651411670446,-0.4795818675305901,0.13426380400000215,0.2518917480568181,-0.23298177058976197,-0.23720278400000225,-0.04857094455143101,-0.3894747211831298,AgZn,2,8
9,vsp11_240802_Ag-0.6-Zn-0.4_pp0_rep1,vsp,11.0,240802.0,Ag-0.6-Zn-0.4,3.0831820330578505,pp0,1,HER,Ag-0.746-Zn-0.254,mp-864794,Ag-0.75-Zn-0.25,vsp11_240802_Ag-0.6-Zn-0.4_pp0,1661.0,,50.0,,,,,,,38.0,96.08,True,-1.5976402145108626,1.8872577172727254,2.1062620799999934,1.4568517556137466,-0.05436216545454768,0.2197595899999953,-0.15985350763087858,0.28766819727272136,0.579642800000002,0.041612473575482985,0.19064204818182098,0.6742368900000031,-0.1089239905453978,0.37346365181818314,0.3238882800000056,0.32253527693801004,0.15607330818181386,0.2630019199999935,-0.10657959415835985,AgZn,2,9
10,vsp11_240802_Ag-0.667-Zn-0.333_pp0_rep1,vsp,11.0,240802.0,Ag-0.667-Zn-0.333,3.1614245454545453,pp0,1,HER,Ag-0.829-Zn-0.171,dcgat-agm003194924,Ag-0.833-Zn-0.167,vsp11_240802_Ag-0.667-Zn-0.333_pp0,1665.0,,50.0,,,,,,,34.65,100.0,True,-1.6579080957204293,1.8512876404347802,1.756918723737469,1.5257143112581306,-0.16536904304347982,0.005049573459933395,-0.25053361915939726,0.12813227347825834,0.31716370095639196,-0.013007413568587747,0.0378887478260922,0.4167820978127696,-0.11417480634904975,0.27865142130434856,0.23367377735782305,0.21926833549825478,0.0795522534782592,0.18219857145702129,-0.08652093284610751,AgZn,2,10
11,vsp23_241025_Ag-0.75-Ga-0.25_pp0_rep2,vsp,23.0,241025.0,Ag-0.75-Ga-0.25,3.0346858925619835,pp0,2,HER,Ag-0.855-Ga-0.145,dcgat-agm003299722,Ag-0.875-Ga-0.125,vsp23_241025_Ag-0.75-Ga-0.25_pp0,2143.0,,50.0,,,,,,,36.4,92.77,True,-1.5602850792397867,1.6895550018181689,0.21612835070298317,0.21612835070298317,-0.133946784545463,0.07317033874469174,0.07317033874469174,0.16626792181817895,0.19892790987671802,0.19892790987671802,0.14309809545454497,0.1994559975039896,0.1994559975039896,0.328805205454538,0.06970860046115716,0.06970860046115716,0.18710307181818694,0.2794166314609981,0.2794166314609981,AgGa,1,11
12,uoft4_240405_Ag-0.889-Hg-0.111_pp0_rep1,uoft,4.0,240405.0,Ag-0.889-Hg-0.111,3.021599645,pp0,1,HER,Ag-0.984-Hg-0.016,mp-2646971,Ag-0.889-Hg-0.111,uoft4_240405_Ag-0.889-Hg-0.111_pp0,293.0,,50.0,,,,,,,37.9,100.0,True,-1.5502051317868477,2.2611884483333404,2.2627905015850116,1.9997731633630196,-0.1406098133333368,-0.07540925008942367,-0.21203375387047668,0.3251147366666676,0.39639562467005324,0.26498591756259343,0.2838538016666732,0.37937104190937176,0.1962020385438604,0.34027966666667453,0.32930463577064684,0.2746415250796489,0.5250122583333313,0.5599386648441849,0.39319385696725484,AgHg,5,12
13,vsp10_240726_Au-0.294-Zn-0.706_pp0_rep1,vsp,10.0,240726.0,Au-0.294-Zn-0.706,2.971378719008265,pp0,1,HER,Au-0.226-Zn-0.774,oqmd-311946,Au-0.25-Zn-0.75,vsp10_240726_Au-0.294-Zn-0.706_pp0,1493.0,,50.0,,,,,,,38.5,79.375,True,-1.5115214455248487,0.9175981800000017,1.2002699270730517,0.027385602658374832,-0.5198611090000057,-0.11987632662827635,-0.9621692746898338,-0.3958768240000012,-0.024184045991673734,-1.0756269220428445,-0.42463338399999484,-0.09149940208156164,-1.0472763754994796,-0.17488592399999592,0.22166501249802414,-0.8760451593802715,-0.5022221340000016,-0.18080238789739184,-1.1082070817405258,AuZn,6,13
14,vsp3_240718_Au-0.333-Cu-0.667_pp0_rep3,vsp,3.0,240718.0,Au-0.333-Cu-0.667,2.5771600206611565,pp0,3,HER,Au-0.448-Cu-0.552,dcgat-agm003187403,Au-0.429-Cu-0.571,vsp3_240718_Au-0.333-Cu-0.667_pp0,2295.0,,50.0,,,,,,,25.9,93.71000000000001,True,-1.2078665020062247,1.0829100615217349,1.219258667159847,0.6549377085954602,-0.7255759528260854,-0.4786379480126263,-0.9196448282291348,-0.21753226652173682,0.022324972024665646,-0.4751937631926011,-0.2215922193478239,0.18841156380451882,-0.5852710283730282,0.05653264499999441,0.10176065110936755,-0.04484739995475179,0.11847083043478357,0.38930942957639864,-0.30162958398416845,AuCu,7,14
15,vsp3_240718_Au-0.429-Cu-0.571_pp0_rep1,vsp,3.0,240718.0,Au-0.429-Cu-0.571,2.648629,pp0,1,HER,Au-0.57-Cu-0.43,dcgat-agm003194949,Au-0.571-Cu-0.429,vsp3_240718_Au-0.429-Cu-0.571_pp0,2305.0,,50.0,,,,,,,26.9,75.58,True,-1.2629169320732476,1.2112076814655093,1.2577498192393362,0.728329825489863,-0.7020919731465571,-0.5205321453175495,-0.8960571703215482,-0.230341869267239,-0.00036663414623723,-0.4015723457923599,-0.16963428637931355,-0.12966790296118216,-0.5107866110953911,0.0753969624137856,0.13509624687291888,-0.22195315209615749,0.2332353854310406,0.32073902042824376,-0.332645212971556,AuCu,7,15
16,vsp26_241004_Au-0.778-Ga-0.222_pp0_rep2,vsp,26.0,241004.0,Au-0.778-Ga-0.222,3.012869454545455,pp0,2,HER,Au-0.589-Ga-0.411,dcgat-agm003299733,Au-0.6-Ga-0.4,vsp26_241004_Au-0.778-Ga-0.222_pp0,2206.0,,50.0,,,,,,,34.5,70.47,True,-1.5434805256215474,1.2963021624999875,0.19713983504317723,0.19713983504317723,-0.3538467375000032,0.15823609091252952,0.15823609091252952,-0.1755036725000032,0.12908996869632375,0.12908996869632375,0.033170958750005766,0.14351863006769305,0.14351863006769305,0.15198232750000248,0.06843365188285412,0.06843365188285412,0.18534356000001037,0.2802588543731391,0.2802588543731391,AuGa,8,16
17,uoft4_240405_Au-0.5-Pd-0.5_pp0_rep1,uoft,4.0,240405.0,Au-0.5-Pd-0.5,2.598165893,pp0,1,HER,Au-0.642-Pd-0.358,oqmd-1340599,Au-0.625-Pd-0.375,uoft4_240405_Au-0.5-Pd-0.5_pp0,419.0,,50.0,,,,,,,26.9,70.12,True,-1.2240467009804368,-0.3119628939215769,0.059331163446478666,-1.279628696788054,-1.4362234337255102,-1.3703389792143255,-1.7470945473130846,-0.8399882017647051,-0.6413870923104474,-1.0953303896941478,-0.7236088809804001,-0.6088149072188112,-1.7239922476549834,-0.3098213341176686,-0.3653737641519341,-0.4822460948896728,0.7250369103921779,0.9921160569919273,0.4611562338732235,AuPd,9,17
18,vsp3_240718_Au-0.556-Cu-0.444_pp0_rep1,vsp,3.0,240718.0,Au-0.556-Cu-0.444,2.741051493112948,pp0,1,HER,Au-0.653-Cu-0.347,mp-1184018,Au-0.667-Cu-0.333,vsp3_240718_Au-0.556-Cu-0.444_pp0,2352.0,,50.0,,,,,,,29.75,96.74166666666667,True,-1.3341072308686432,1.422922332586207,1.5148747887625293,1.0209226625953132,-0.6356632003448295,-0.42049287791743445,-0.8379967715159269,-0.2177439468965572,0.06458566973036226,-0.4183285609304418,-0.039078156724132444,0.3594948873087295,-0.3021112856030476,0.12469958017241305,0.22352150941322269,0.0752384456681325,0.5428418149999998,0.781223073250216,0.24638591447832617,AuCu,7,18
19,uoft7_240716_Au-0.667-Pd-0.333_pp0_rep1,uoft,8.0,240870.5,Au-0.667-Pd-0.333,2.702147301520661,pp0,1,HER,Au-0.659-Pd-0.341,dcgat-agm003290367,Au-0.667-Pd-0.333,uoft7_240716_Au-0.667-Pd-0.333_pp0,1219.5,,50.0,,,,,,,32.5,87.155,True,-1.3041404886767447,-0.4155619276470667,0.1102693926081956,-1.2056716830581555,-1.2492594941176511,-1.2525956388947221,-1.6310989775929443,-0.7699137817647008,-0.5940370377323378,-1.1814810209176274,-0.8096967688235331,-0.4834031132176171,-1.6807160588885612,-0.23737609529412146,-0.2655297554172088,-0.27062121058130384,0.7759979523529523,1.0279255640633778,0.572740092621351,AuPd,9,19
20,vsp10_240726_Au-0.75-Zn-0.25_pp0_rep3,vsp,10.0,240726.0,Au-0.75-Zn-0.25,3.033929380165289,pp0,3,HER,Au-0.659-Zn-0.341,oqmd-1339474,Au-0.667-Zn-0.333,vsp10_240726_Au-0.75-Zn-0.25_pp0,1569.0,,50.0,,,,,,,37.9,82.28,True,-1.5597023602311437,1.3119271020833319,0.3380795897914094,0.4700102725906662,-0.394553152222221,0.2896666226693437,-1.0436281746062839,-0.25894594763889484,0.3079844098844404,-0.862153451909805,-0.02976182222221979,0.31533071272245405,-0.7780711333666334,0.04001918666666585,0.27143712965783945,-0.5642478221515451,-0.0201181631944453,0.34889228137681444,-0.869669398693273,AuZn,6,20
21,vsp10_240726_Au-0.833-Zn-0.167_pp0_rep1,vsp,10.0,240726.0,Au-0.833-Zn-0.167,3.020223049586777,pp0,1,HER,Au-0.706-Zn-0.294,oqmd-346974,Au-0.7-Zn-0.3,vsp10_240726_Au-0.833-Zn-0.167_pp0,1579.0,,50.0,,,,,,,39.0,97.53,True,-1.5491447812651633,1.6315088000000033,1.51933901000001,1.2852116916689165,-0.2248655572727306,-0.014202670000003,-0.43089040620431296,-0.14776236636363518,0.0195857100000012,-0.5285105200827792,0.07432332909091727,0.2305348700000138,-0.23261890246465677,0.21553757454545322,0.197105300000004,-0.07450996206300069,0.40947096000000466,0.5541612300000054,0.018555182945027712,AuZn,6,21
22,uoft6_240624_Au-0.833-Cd-0.167_pp0_rep2,uoft,6.0,240624.0,Au-0.833-Cd-0.167,2.796632884,pp0,2,HER,Au-0.768-Cd-0.232,mp-1264,Au-0.75-Cd-0.25,uoft6_240624_Au-0.833-Cd-0.167_pp0,986.0,,50.0,,,,,,,26.5,95.6,True,-1.376919923877014,1.8815128270000003,0.19503173208572397,1.4872154116095744,-0.06246472800000474,0.14794750764955675,-0.2526857518773965,0.06526247000000043,0.18705893347073554,-0.2899435162573706,0.3142161370000068,0.23029629287156136,-0.022380490003623518,0.40641767799999684,0.25936861280928636,0.1797755342385862,0.5629462000000046,0.2165525859207148,0.18692829513709278,AuCd,10,22
23,uoft4_240405_Au-0.556-Cu-0.444_pp0_rep1,uoft,4.0,240405.0,Au-0.556-Cu-0.444,2.8031494214999997,pp0,1,HER,Au-0.76-Cu-0.24,dcgat-agm003264508,Au-0.75-Cu-0.25,uoft4_240405_Au-0.556-Cu-0.444_pp0,429.0,,50.0,,,,,,,29.95,93.25,True,-1.381939418981625,1.3304268284000011,1.0844075229935657,0.9360221085873582,-0.6790015682000059,-0.6156876865232963,-0.7688817588597462,-0.2771728038000035,-0.3230956863461425,-0.4982513940160418,-0.10239009649999825,-0.12093439510836196,-0.3175085122339688,0.09337520899999614,0.11471131312028646,0.056885782008464336,0.4674978769000005,0.3655334596423291,0.18936298567489332,AuCu,7,23
24,vsp3_240718_Au-0.875-Cu-0.125_pp0_rep1,vsp,3.0,240718.0,Au-0.875-Cu-0.125,2.8847517520661157,pp0,1,HER,Au-0.715-Cu-0.285,dcgat-agm003203429,Au-0.75-Cu-0.25,vsp3_240718_Au-0.875-Cu-0.125_pp0,2380.0,,50.0,,,,,,,30.2,89.985,True,-1.4447952682422915,1.1575057264705848,0.7514430699999934,0.7657295834404217,-0.5678358933333348,-0.5556663300000082,-0.7411078084716911,-0.2158572366666686,-0.0839112799999952,-0.6553374026952354,-0.01795416686274128,0.0964594000000147,-0.2645200496748482,0.10849377372548666,0.1372400200000072,-0.2459257622135076,0.5248224019607903,0.58350145,0.03227665705636149,AuCu,7,24
25,vsp3_240718_Au-1.0_pp0_rep1,vsp,3.0,240718.0,Au-1.0,2.729426785123967,pp0,1,HER,Au-1.0,mp-81,Au-1.0,vsp3_240718_Au-1.0_pp0,2388.0,,50.0,,,,,,,31.7,100.0,True,-1.3251530638983429,1.5941656281818255,1.6220524931377822,1.4398416063946677,-0.4132145172727251,-0.3820866609925335,-0.49802747196318153,-0.15201056727273315,-0.16303148569738254,-0.18095423346489334,0.06261867545454822,-0.01588583228630157,-0.05959375014156958,0.162166843636367,0.14866195146926875,0.11400043452827172,0.9063645581818182,0.8605874299687105,0.8344033929326385,Au,11,25
26,uoft5_240507_Cd-0.111-In-0.889_pp0_rep1,uoft,5.0,240507.0,Cd-0.111-In-0.889,3.112497223,pp0,1,HER,Cd-0.138-In-0.862,dcgat-agm002142203,Cd-0.125-In-0.875,uoft5_240507_Cd-0.111-In-0.889_pp0,881.0,,50.0,,,,,,,33.8,100.0,True,-1.6202208338052912,1.660618526666667,0.13380509897464626,1.4714136733690868,0.06381197333332503,0.08843893980875,-0.0008479454027733045,0.3309742399999938,0.07674798911822069,0.23403397750987306,0.3691049966666687,0.08421381103432538,0.26593029350421565,0.5805140600000035,0.07239033220117096,0.4813554055547245,0.033942439999999366,0.0818718092385885,-0.08133106515154498,CdIn,12,26
27,uoft6_240624_Cd-0.667-Tl-0.333_pp0_rep1,uoft,6.0,240624.0,Cd-0.667-Tl-0.333,3.077622289,pp0,1,HER,Cd-0.892-Tl-0.108,dcgat-agm003266936,Cd-0.889-Tl-0.111,uoft6_240624_Cd-0.667-Tl-0.333_pp0,1010.0,,50.0,,,,,,,37.5,90.03,True,-1.5933577089500073,1.71708448,0.08039500085513952,0.08039500085513952,0.03280794199999876,0.07908384339897324,0.07908384339897324,0.25019628399999755,0.051176369488825486,0.051176369488825486,0.20312434300000604,0.06389973681291027,0.06389973681291027,0.4798633960000007,0.06716425754084165,0.06716425754084165,0.08391931599999969,0.06514948380562437,0.06514948380562437,CdTl,13,27
28,uoft4_240405_Cu-0.167-Pd-0.833_pp0_rep1,uoft,4.0,240405.0,Cu-0.167-Pd-0.833,2.551168554,pp0,1,HER,Cu-0.125-Pd-0.875,oqmd-1378051,Cu-0.125-Pd-0.875,uoft4_240405_Cu-0.167-Pd-0.833_pp0,519.0,,50.0,,,,,,,26.4,100.0,True,-1.1878460479434132,-1.2781118919999812,0.2121838671430689,-1.554656137186391,-1.6902521135000186,0.0654854870913527,-1.7601268457440598,-1.0813646189999815,0.22359931498592361,-1.931683809999908,-1.4297915115000137,0.12268532931317477,-1.5986282352852017,-0.390750621499987,0.05402418291076654,-0.4812708492191877,0.3568833229999967,0.16450370227909578,0.3436358781454392,CuPd,14,28
29,uoft4_240405_Cu-0.8-Pd-0.2_pp0_rep1,uoft,4.0,240405.0,Cu-0.8-Pd-0.2,2.793150942,pp0,1,HER,Cu-0.745-Pd-0.255,mp-672265,Cu-0.75-Pd-0.25,uoft4_240405_Cu-0.8-Pd-0.2_pp0,659.0,,50.0,,,,,,,27.8,81.06,True,-1.3742378874698669,0.0632218053435256,0.16248519823015276,-0.2696972342393232,-1.1375240676335945,0.16320545639527498,-1.309961556426608,-0.46742774908397244,0.1774076530630349,-0.6297082972476545,-0.5468593200763389,0.08754006971201846,-0.7074378753258947,-0.23342112564884956,0.08439863460775296,-0.38895006852871333,-0.08095778610688892,0.14087995733545738,-0.20475426624708937,CuPd,14,29
30,uoft7_240716_Cu-0.833-Pd-0.167_pp0_rep1,uoft,7.0,240716.0,Cu-0.833-Pd-0.167,2.691385504,pp0,1,HER,Cu-0.865-Pd-0.135,dcgat-agm003299718,Cu-0.875-Pd-0.125,uoft7_240716_Cu-0.833-Pd-0.167_pp0,1101.0,,50.0,,,,,,,27.8,91.85,True,-1.2958509959865276,0.5719920349999962,0.1734708900000043,0.17347144771035983,-0.9155407416666795,-0.6158352199999797,-0.9959885990008422,-0.2825035883333224,-0.1186515299999655,-0.4851787047757629,-0.39037162833334094,-0.5771455500000116,-0.5804330686626737,-0.13659620333334976,-0.0513487099999849,-0.21912076153377483,-0.06252855666666096,-0.0360730499999988,-0.23487506585838136,CuPd,14,30
31,uoft4_240405_Cu-1.0_pp0_rep1,uoft,4.0,240405.0,Cu-1.0,2.815066562,pp0,1,HER,Cu-1.0,mp-30,Cu-1.0,uoft4_240405_Cu-1.0_pp0,675.0,,50.0,,,,,,,22.2,100.0,True,-1.3911188380213706,0.5275917999999962,0.6864289975670432,0.26638872049320284,-0.6835839400000072,-0.5136371974802166,-0.9115804419373394,-0.16344763666667142,0.13106947485627385,-0.3946502297513599,-0.37088510777778555,-0.012464947593091028,-0.5885962017202646,-0.10058876666667028,-0.053388226496393305,-0.3253753728670828,-0.05958025555553564,0.1841043402266217,-0.18828800190301923,Cu,15,31
32,vsp3_240718_Cu-1.0_pp0_rep1,vsp,3.0,240718.0,Cu-1.0,2.730441256198347,pp0,1,HER,Cu-1.0,mp-30,Cu-1.0,vsp3_240718_Cu-1.0_pp0,2397.0,,50.0,,,,,,,33.4,76.34,True,-1.3259344808074944,0.5275917999999962,0.6864289975670432,0.26638872049320284,-0.6835839400000072,-0.5136371974802166,-0.9115804419373394,-0.16344763666667142,0.13106947485627385,-0.3946502297513599,-0.37088510777778555,-0.012464947593091028,-0.5885962017202646,-0.10058876666667028,-0.053388226496393305,-0.3253753728670828,-0.05958025555553564,0.1841043402266217,-0.18828800190301923,Cu,15,32
33,uoft9_241025_Hg-0.2-Pd-0.8_pp0_rep1,uoft,9.0,241025.0,Hg-0.2-Pd-0.8,2.2242450082644623,pp0,1,HER,Hg-0.267-Pd-0.733,mp-1184658,Hg-0.25-Pd-0.75,uoft9_241025_Hg-0.2-Pd-0.8_pp0,1445.0,,50.0,,,,,,,28.5,90.94,True,-0.9360265598484466,-0.7029754061904869,-0.6210449582151095,-1.38537286228792,-1.560328486190484,-1.6228566839843008,-1.7844130872526798,-0.8775252942857199,-0.7111995832969861,-1.1577451575309368,-0.9897531980952443,-1.0668769531538338,-1.4461868577998245,-0.3355000442857253,-0.4386687757662832,-0.4631551738974297,0.5899874014285722,0.7937865280068034,0.3644242796388861,HgPd,16,33
34,vsp8_240802_Pd-0.25-Zn-0.75_pp0_rep1,vsp,8.0,240802.0,Pd-0.25-Zn-0.75,2.88638673553719,pp0,1,HER,Pd-0.246-Zn-0.754,oqmd-759868,Pd-0.25-Zn-0.75,vsp8_240802_Pd-0.25-Zn-0.75_pp0,2500.0,,50.0,,,,,,,36.5,87.37,True,-1.4460546474032614,0.6747600639743583,0.2371939097324279,0.1701470779008037,-0.6332007221794872,0.36479105907402676,-1.1517439594061558,-0.246021932179489,0.21539260565758564,-0.4785965915272424,-0.24739075641025027,0.22444580968564376,-0.6946792674334118,0.05666120461538726,0.21357750380246723,-0.5092210177564223,-0.3716284548717967,0.19505342121205227,-0.7124028278749911,PdZn,17,34
35,vsp8_240802_Pd-0.4-Zn-0.6_pp0_rep1,vsp,8.0,240802.0,Pd-0.4-Zn-0.6,2.9931284049586773,pp0,1,HER,Pd-0.357-Zn-0.643,mp-1215779,Pd-0.375-Zn-0.625,vsp8_240802_Pd-0.4-Zn-0.6_pp0,2508.0,,50.0,,,,,,,37.4,96.08,True,-1.5282745820110462,0.7850986387106882,0.3527267667327491,-0.12703151819745243,-0.7838818373899382,0.35905293564706997,-1.6638586874260186,-0.296664305188679,0.3345532482602187,-1.0315246848471997,-0.3065565225786164,0.35146415428893596,-0.9344574854482833,0.015121767893077068,0.3035538523674938,-0.696236704851845,-0.43889331380502905,0.19622624064616415,-1.1467044117060639,PdZn,17,35
36,vsp8_240802_Pd-0.75-Zn-0.25_pp0_rep1,vsp,8.0,240802.0,Pd-0.75-Zn-0.25,2.628103801652893,pp0,1,HER,Pd-0.602-Zn-0.398,mp-1652,Pd-0.625-Zn-0.375,vsp8_240802_Pd-0.75-Zn-0.25_pp0,2556.0,,50.0,,,,,,,33.4,100.0,True,-1.2471069819848029,1.0546681069230819,1.5358140633254354,0.2997104799758349,-0.8684046753846071,-0.7411491970824219,-1.2024641761586115,-0.3375528630769246,-0.19582901380382522,-0.5982747749895484,-0.2824966838461478,0.06718861948293388,-0.5705623801865511,-0.08316653692307338,-0.11119890751202843,-0.301648434646059,0.03149451923076623,0.21647730038118349,-0.40355033558714004,PdZn,17,36
37,vsp8_240802_Pd-0.8-Zn-0.2_pp0_rep1,vsp,8.0,240802.0,Pd-0.8-Zn-0.2,2.5137041074380164,pp0,1,HER,Pd-0.722-Zn-0.278,dcgat-agm003290716,Pd-0.714-Zn-0.286,vsp8_240802_Pd-0.8-Zn-0.2_pp0,2575.0,,50.0,,,,,,,31.2,90.48,True,-1.158988298545847,-0.19023242514286176,-0.10160847576084894,-1.4295052483788542,-1.377761938000007,-1.218329076729745,-1.4939659272739432,-0.6657139999999937,-0.6375837279403724,-0.8264864452622058,-0.6566505145714262,-0.5563343093099123,-1.1051287391343083,-0.2635415071428635,-0.2016700361308599,-0.3136413367419859,0.18115807571429057,0.3634620388366834,-0.12050024826280595,PdZn,17,37
38,vsp4_240726_Pd-0.889-Sn-0.111_pp0_rep1,vsp,4.0,240726.0,Pd-0.889-Sn-0.111,2.6508979628099167,pp0,1,HER,Pd-0.857-Sn-0.143,dcgat-agm002351115,Pd-0.867-Sn-0.133,vsp4_240726_Pd-0.889-Sn-0.111_pp0,2471.5,,50.0,,,,,,,35.25,89.13499999999999,True,-1.2646646466712101,-0.8406513981818141,0.3821488318065619,-1.3152713320919545,-1.5954760227272893,0.08519858041507643,-1.6308314319507315,-0.872143893636369,0.16186158986474558,-0.9904045444561869,-1.1220869009090988,0.25862527220678594,-1.4793011351317524,-0.39306890181817844,0.05795943063675043,-0.45400716306177413,0.5530135654545425,0.16511744080905852,0.2919352953121933,PdSn,18,38
39,vsp8_240802_Pd-0.867-Zn-0.133_pp0_rep1,vsp,8.0,240802.0,Pd-0.867-Zn-0.133,2.4002188388429753,pp0,1,HER,Pd-0.884-Zn-0.116,oqmd-1367806,Pd-0.889-Zn-0.111,vsp8_240802_Pd-0.867-Zn-0.133_pp0,2592.5,,50.0,,,,,,,32.4,98.765,True,-1.071573969976681,-1.1811334199999806,0.09959244638515159,-1.2404095563655724,-1.6732991625000224,0.06737183178130703,-1.7751187456012398,-0.9966128724999948,0.07563150433605403,-1.0499500784506772,-1.2742828237500134,0.1231002731093894,-1.3509184185287795,-0.41014670749997606,0.06709508212010669,-0.5090434510742442,0.29409827749998385,0.12209685594143234,0.21477253026819282,PdZn,17,39
40,uoft4_240405_Pd-1.0_pp0_rep1,uoft,4.0,240405.0,Pd-1.0,2.466976851,pp0,1,HER,Pd-1.0,mp-1056438,Pd-1.0,uoft4_240405_Pd-1.0_pp0,763.0,,50.0,,,,,,,30.1,100.0,True,-1.122995682076973,-1.4397809399999997,-1.3901781313835273,-1.5748810113276865,-1.7092265400000153,-1.743051938547083,-1.773625923671385,-1.0635952657142735,-1.0452613968799462,-1.0835085368698114,-1.5340753557143014,-1.5178044514195064,-1.778345976108295,-0.4050148499999945,-0.42873122956782955,-0.46145073041449675,0.40232032714288024,0.3691287793170278,0.27076342690037697,Pd,19,40
41,vsp8_240802_Pd-1.0_pp0_rep1,vsp,8.0,240802.0,Pd-1.0,2.602203553719008,pp0,1,HER,Pd-1.0,mp-2646977,Pd-1.0,vsp8_240802_Pd-1.0_pp0,2602.0,,50.0,,,,,,,28.6,100.0,True,-1.2271567909957461,-1.2367332133333566,-1.3495383973584243,-1.3618957441126365,-1.5969789850000164,-1.5697643242416572,-1.5761343290645058,-0.9216366483333474,-0.8155535296749119,-0.985413568691116,-1.3300025850000263,-1.324231672134257,-1.7361295303947413,-0.3503220616666833,-0.37198651532845073,-0.37224152456674103,0.5618598716666648,0.7202510092639727,0.4349723393453863,Pd,19,41
42,uoft4_240405_Rh-1.0_pp0_rep1,uoft,4.0,240405.0,Rh-1.0,2.38159257,pp0,1,HER,Rh-1.0,mp-74,Rh-1.0,uoft4_240405_Rh-1.0_pp0,785.0,,50.0,,,,,,,28.8,100.0,True,-1.0572267088315583,-1.499769802307705,-1.2499921655005255,-1.9898647005962797,-1.7467474546153987,-1.6369128228531538,-1.6881023198630567,-1.3100663869230795,-1.0374883020732688,-1.3189850665629441,-1.8963017499999943,-1.7178996566269757,-2.074791317123948,-0.39696781923077357,-0.36946910262386856,-0.3533597330835327,-0.0449729492307693,0.25565247627043136,-0.24847386830840487,Rh,20,42
